<?xml version="1.0" encoding="UTF-8"?>
<project-private xmlns="http://www.netbeans.org/ns/project-private/1">
    <editor-bookmarks xmlns="http://www.netbeans.org/ns/editor-bookmarks/2" lastBookmarkId="0"/>
    <open-files xmlns="http://www.netbeans.org/ns/projectui-open-files/2">
        <group>
            <file>file:/home/daniel/Descargas/ShoppingCart/src/ArchivoTexto/usuarios.txt</file>
            <file>file:/home/daniel/Descargas/ShoppingCart/src/vista/frmLogin.java</file>
            <file>file:/home/daniel/Descargas/ShoppingCart/src/vista/frmModificarProducto.java</file>
            <file>file:/home/daniel/Descargas/ShoppingCart/src/vista/frmHistorialVentas.java</file>
            <file>file:/home/daniel/Descargas/ShoppingCart/src/vista/frmAdmin.java</file>
            <file>file:/home/daniel/Descargas/ShoppingCart/src/vista/frmListaUsuarios.java</file>
            <file>file:/home/daniel/Descargas/ShoppingCart/src/vista/frmCatalogo.java</file>
            <file>file:/home/daniel/Descargas/ShoppingCart/src/vista/frmCarrito.java</file>
        </group>
    </open-files>
</project-private>
