<?xml version="1.0" encoding="UTF-8"?>
<project-private xmlns="http://www.netbeans.org/ns/project-private/1">
    <editor-bookmarks xmlns="http://www.netbeans.org/ns/editor-bookmarks/2" lastBookmarkId="0"/>
    <open-files xmlns="http://www.netbeans.org/ns/projectui-open-files/2">
        <group>
            <file>file:/home/daniel/Descargas/ShoppingCart/src/modelo/Producto.java</file>
            <file>file:/home/daniel/Descargas/ShoppingCart/src/vista/frmListaProductos.java</file>
            <file>file:/home/daniel/Descargas/ShoppingCart/src/modelo/Sesion.java</file>
            <file>file:/home/daniel/Descargas/ShoppingCart/src/modelo/Usuario.java</file>
            <file>file:/home/daniel/Descargas/ShoppingCart/src/controlador/GestorProductos.java</file>
            <file>file:/home/daniel/Descargas/ShoppingCart/src/vista/frmModificarProducto.java</file>
            <file>file:/home/daniel/Descargas/ShoppingCart/src/Resources/Data/productos.txt</file>
            <file>file:/home/daniel/Descargas/ShoppingCart/src/vista/frmAdmin.java</file>
            <file>file:/home/daniel/Descargas/ShoppingCart/src/vista/frmCatalogo.java</file>
        </group>
    </open-files>
</project-private>
