<?xml version="1.0" encoding="UTF-8"?>
<project-private xmlns="http://www.netbeans.org/ns/project-private/1">
    <editor-bookmarks xmlns="http://www.netbeans.org/ns/editor-bookmarks/2" lastBookmarkId="0"/>
    <open-files xmlns="http://www.netbeans.org/ns/projectui-open-files/2">
        <group>
            <file>file:/C:/Users/SlaveZero00/Documents/NetBeansProjects/junio%204/junio%204/ShoppingCart/src/vista/frmCarrito.java</file>
            <file>file:/C:/Users/SlaveZero00/Documents/NetBeansProjects/junio%204/junio%204/ShoppingCart/src/vista/frmCatalogo.java</file>
            <file>file:/C:/Users/SlaveZero00/Documents/NetBeansProjects/junio%204/junio%204/ShoppingCart/src/modelo/Producto.java</file>
            <file>file:/C:/Users/SlaveZero00/Documents/NetBeansProjects/junio%204/junio%204/ShoppingCart/src/ArchivoTexto/Manolo_listaDeseos.txt</file>
            <file>file:/C:/Users/SlaveZero00/Documents/NetBeansProjects/junio%204/junio%204/ShoppingCart/src/modelo/Carrito.java</file>
            <file>file:/C:/Users/SlaveZero00/Documents/NetBeansProjects/junio%204/junio%204/ShoppingCart/src/modelo/ListaDeseos.java</file>
        </group>
    </open-files>
</project-private>
